"serial","name","photo","url","twitter"
149868,"Faisal Abid","http://cdn.oreillystatic.com/en/assets/1/eventprovider/1/_@user_149868.jpg","http://www.faisalabid.com/","FaisalAbid"
172532,"Josh Adams","http://cdn.oreillystatic.com/en/assets/1/eventprovider/1/_@user_172532.jpg","http://isotope11.com/","knewter"
104828,"DJ Adams","http://cdn.oreillystatic.com/en/assets/1/eventprovider/1/_@user_104828.jpg","http://www.pipetree.com/qmacro","qmacro"
29558,"Lance Albertson","http://cdn.oreillystatic.com/en/assets/1/eventprovider/1/_@user_29558.jpg","http://www.lancealbertson.com/","ramereth"
109270,"Andrei Alexandrescu","http://cdn.oreillystatic.com/en/assets/1/eventprovider/1/_@user_109270.jpg","http://erdani.com/","incomputable"
2216,"Alasdair Allan","http://cdn.oreillystatic.com/en/assets/1/eventprovider/1/_@user_2216.jpg","http://thethingsystem.com/","aallan"
170293,"Jamie Allen","http://cdn.oreillystatic.com/en/assets/1/eventprovider/1/_@user_170293.jpg","http://typesafe.com/","jamie_allen"
46440,"Rob Allen","http://cdn.oreillystatic.com/en/assets/1/eventprovider/1/_@user_46440.jpg","http://akrabat.com/",""
117513,"Dan Allen","http://cdn.oreillystatic.com/en/assets/1/eventprovider/1/_@user_117513.jpg","http://google.com/profiles/dan.j.allen","mojavelinux"
27949,"Cat Allman","http://cdn.oreillystatic.com/en/assets/1/eventprovider/1/_@user_27949.jpg","http://code.google.com/",""
173281,"Mohammad Almalkawi","http://cdn.oreillystatic.com/en/assets/1/eventprovider/1/_@user_173281.jpg",,"moh"
108272,"Mike Amundsen","http://cdn.oreillystatic.com/en/assets/1/eventprovider/1/_@user_108272.jpg","http://amundsen.com/blog/","mamund"
122599,"Ishan Anand",,"http://moovweb.com/",
173201,"John Anderson","http://cdn.oreillystatic.com/en/assets/1/eventprovider/1/_@user_173201.jpg","http://genehack.org/","genehack"
143135,"Yazz Atlas","http://cdn.oreillystatic.com/en/assets/1/eventprovider/1/_@user_143135.jpg",,"EntropyWorks"
4429,"R Geoffrey Avery","http://cdn.oreillystatic.com/en/assets/1/eventprovider/1/_@user_4429.jpg",,"rGeoffrey"
173455,"Vishwas Babu","http://cdn.oreillystatic.com/en/assets/1/eventprovider/1/_@user_173455.jpg",,""
108813,"Jono Bacon","http://cdn.oreillystatic.com/en/assets/1/eventprovider/1/_@user_108813.jpg","http://www.jonobacon.org/","jonobacon"
59574,"Josh Barratt","http://cdn.oreillystatic.com/en/assets/1/eventprovider/1/_@user_59574.jpg","http://serialized.net/","jbarratt"
23017,"Rick Barraza",,"http://www.cynergysystems.com/","rickbarraza"
180437,"Doran Barton","http://cdn.oreillystatic.com/en/assets/1/eventprovider/1/_@user_180437.jpg","http://fozzolog.fozzilinymoo.org/","fozzmoo"
179963,"David Baumgold","http://cdn.oreillystatic.com/en/assets/1/eventprovider/1/_@user_179963.jpg","http://www.davidbaumgold.com/",
152215,"Brent Beer","http://cdn.oreillystatic.com/en/assets/1/eventprovider/1/_@user_152215.jpg","http://github.com/","brntbeer"
7969,"Brian Behlendorf","http://cdn.oreillystatic.com/en/assets/1/eventprovider/1/_@user_7969.jpg","http://brian.behlendorf.com/","brianbehlendorf"
170052,"Tim Bell","http://cdn.oreillystatic.com/en/assets/1/eventprovider/1/_@user_170052.jpg",,"noggin143"
173340,"Adam Benayoun","http://cdn.oreillystatic.com/en/assets/1/eventprovider/1/_@user_173340.jpg","http://binpress.com/","adambn"
173233,"Frederic Berg","http://cdn.oreillystatic.com/en/assets/1/eventprovider/1/_@user_173233.jpg","http://www.sap.com/","frdrcbrg"
137697,"Tim Berglund","http://cdn.oreillystatic.com/en/assets/1/eventprovider/1/_@user_137697.jpg","http://www.datastax.com/","tlberglund"
106355,"Andrew Berkowitz","http://cdn.oreillystatic.com/en/assets/1/eventprovider/1/_@user_106355.jpg","http://www.teamsnap.com/","andrewberkowitz"
3397,"Josh Berkus","http://cdn.oreillystatic.com/en/assets/1/eventprovider/1/_@user_3397.jpg","http://www.pgexperts.com/","FuzzyChef"
10,"Gina Blaber","http://cdn.oreillystatic.com/en/assets/1/eventprovider/1/_@user_10.jpg",,"ginablaber"
2593,"Michael Bleigh","http://cdn.oreillystatic.com/en/assets/1/eventprovider/1/_@user_2593.jpg","http://www.divshot.com/","mbleigh"
143232,"Olivier Bloch",,,"obloch"
172898,"Adam Bordelon",,"http://mesosphere.io/",""
180268,"Jay Borenstein","http://cdn.oreillystatic.com/en/assets/1/eventprovider/1/_@user_180268.jpg",,""
96208,"Joe Bowser",,"http://phonegap.com/","infil00p"
173248,"Garth Braithwaite","http://cdn.oreillystatic.com/en/assets/1/eventprovider/1/_@user_173248.jpg","http://www.garthdb.com/","garthdb"
159586,"Alex Brandt ","http://cdn.oreillystatic.com/en/assets/1/eventprovider/1/_@user_159586.jpg",,""
131404,"VM Brasseur","http://cdn.oreillystatic.com/en/assets/1/eventprovider/1/_@user_131404.jpg","http://shoeless-consulting.com/","vmbrasseur"
24978,"Tim Bray","http://cdn.oreillystatic.com/en/assets/1/eventprovider/1/_@user_24978.jpg","http://www.tbray.org/ongoing/","timbray"
25862,"Michael Brewer","http://cdn.oreillystatic.com/en/assets/1/eventprovider/1/_@user_25862.jpg","http://www.franklin.uga.edu/people/mbrewer.php","operatic"
6845,"Joe Brockmeier","http://cdn.oreillystatic.com/en/assets/1/eventprovider/1/_@user_6845.jpg","http://dissociatedpress.net/","jzb"
161486,"Ethan Brown","http://cdn.oreillystatic.com/en/assets/1/eventprovider/1/_@user_161486.jpg","http://blogs.popart.com/author/ethanbrown","EthanRBrown"
90628,"Avi Bryant","http://cdn.oreillystatic.com/en/assets/1/eventprovider/1/_@user_90628.jpg",,"avibryant"
148534,"Brian Bulkowski","http://cdn.oreillystatic.com/en/assets/1/eventprovider/1/_@user_148534.jpg","http://aerospike.com/","aerospikedb"
171495,"Greg Bulmash","http://cdn.oreillystatic.com/en/assets/1/eventprovider/1/_@user_171495.jpg","http://www.seattlecoderdojo.com/","GregBulmash"
169673,"Cody Bunch",,"http://professionalvmware.com/","cody_bunch"
173431,"Eric Butler","http://cdn.oreillystatic.com/en/assets/1/eventprovider/1/_@user_173431.jpg","http://cedexis.com/",""
108884,"Paris Buttfield-Addison","http://cdn.oreillystatic.com/en/assets/1/eventprovider/1/_@user_108884.jpg","http://www.secretlab.com.au/","parisba"
155881,"Alejandro Cabrera","http://cdn.oreillystatic.com/en/assets/1/eventprovider/1/_@user_155881.jpg","https://github.com/cabrera","cppcabrera"
63576,"Bryan Call",,"http://incubator.apache.org/projects/trafficserver.html",""
182198,"Darryn Campbell","http://cdn.oreillystatic.com/en/assets/1/eventprovider/1/_@user_182198.jpg",,""
155088,"Francesc Campoy Flores","http://cdn.oreillystatic.com/en/assets/1/eventprovider/1/_@user_155088.jpg","http://golang.org/","francesc"
6921,"Brian Capouch",,"http://www.saintjoe.edu/",""
109289,"Thierry Carrez","http://cdn.oreillystatic.com/en/assets/1/eventprovider/1/_@user_109289.jpg","http://wiki.openstack.org/","tcarrez"
75349,"Piers Cawley","http://cdn.oreillystatic.com/en/assets/1/eventprovider/1/_@user_75349.jpg","http://www.bofh.org.uk/","pdcawley"
123894,"Bill Cernansky",,"http://portlandcomedy.com/",""
10595,"Francesco Cesarini","http://cdn.oreillystatic.com/en/assets/1/eventprovider/1/_@user_10595.jpg","http://www.erlang-solutions.com/","FrancescoC"
837,"Scott Chacon","http://cdn.oreillystatic.com/en/assets/1/eventprovider/1/_@user_837.jpg","http://jointheconversation.org/",""
147,"Colin Charles","http://cdn.oreillystatic.com/en/assets/1/eventprovider/1/_@user_147.jpg","http://bytebot.net/blog/","bytebot"
133198,"Christopher Chedeau","http://cdn.oreillystatic.com/en/assets/1/eventprovider/1/_@user_133198.jpg","http://blog.vjeux.com/","vjeux"
133360,"Doris Chen","http://cdn.oreillystatic.com/en/assets/1/eventprovider/1/_@user_133360.jpg","http://blogs.msdn.com/b/dorischen/","doristchen"
171704,"Roger Chen","http://cdn.oreillystatic.com/en/assets/1/eventprovider/1/_@user_171704.jpg",,"rgrchen"
133377,"Sara Chipps",,"http://sarajchipps.com/","sarajchipps"
17417,"Wendy Chisholm","http://cdn.oreillystatic.com/en/assets/1/eventprovider/1/_@user_17417.jpg","http://friendfeed.com/wendyc","wendyabc"
170054,"Andrew Cholakian",,"http://found.no/","andrewvc"
172534,"Robby Clements","http://cdn.oreillystatic.com/en/assets/1/eventprovider/1/_@user_172534.jpg","http://isotope11.com/","robby_clements"
6894,"John Coggeshall","http://cdn.oreillystatic.com/en/assets/1/eventprovider/1/_@user_6894.jpg","http://www.coggeshall.org/",
141235,"C. Aaron Cois","http://cdn.oreillystatic.com/en/assets/1/eventprovider/1/_@user_141235.jpg","http://www.codehenge.net/","aaroncois"
99280,"Tina Coleman",,,""
4710,"Damian Conway","http://cdn.oreillystatic.com/en/assets/1/eventprovider/1/_@user_4710.jpg","http://damian.conway.org/",""
179595,"Danese Cooper","http://cdn.oreillystatic.com/en/assets/1/eventprovider/1/_@user_179595.jpg","http://www.paypal.com/","DivaDanese"
172201,"William Cox",,"http://gallamine.com/","gallamine"
182463,"Kevin Crocker","http://cdn.oreillystatic.com/en/assets/1/eventprovider/1/_@user_182463.jpg","http://www.gopivotal.com/training#datascience",""
169862,"Adam Culp","http://cdn.oreillystatic.com/en/assets/1/eventprovider/1/_@user_169862.jpg","http://geekyboy.com/","adamculp"
116276,"Patrick Curran","http://cdn.oreillystatic.com/en/assets/1/eventprovider/1/_@user_116276.jpg","http://jcp.org/",""
173396,"Benjamin Curtis","http://cdn.oreillystatic.com/en/assets/1/eventprovider/1/_@user_173396.jpg","http://www.honeybadger.io/","stympy"
108736,"Michael Dale","http://cdn.oreillystatic.com/en/assets/1/eventprovider/1/_@user_108736.jpg",,"michael_dale"
172988,"Avik Das","http://cdn.oreillystatic.com/en/assets/1/eventprovider/1/_@user_172988.jpg",,""
131890,"Jennifer Davidson","http://cdn.oreillystatic.com/en/assets/1/eventprovider/1/_@user_131890.jpg",,"jewifer"
172536,"A. Jesse Jiryu Davis","http://cdn.oreillystatic.com/en/assets/1/eventprovider/1/_@user_172536.jpg","http://emptysqua.re/","jessejiryudavis"
173393,"Kristen  Dedeaux","http://cdn.oreillystatic.com/en/assets/1/eventprovider/1/_@user_173393.jpg",,""
173414,"Ethan Dereszynski","http://cdn.oreillystatic.com/en/assets/1/eventprovider/1/_@user_173414.jpg",,""
174072,"Henning  Diedrich",,"http://www.eonblast.com/","hdiedrich"
122516,"Renee DiResta","http://cdn.oreillystatic.com/en/assets/1/eventprovider/1/_@user_122516.jpg","http://reneediresta.com/","noupside"
172973,"Connor Doyle","http://cdn.oreillystatic.com/en/assets/1/eventprovider/1/_@user_172973.jpg","http://mesosphere.io/","nor0101"
173105,"Drasko DRASKOVIC","http://cdn.oreillystatic.com/en/assets/1/eventprovider/1/_@user_173105.jpg","http://we-io.net/","draskodraskovic"
137149,"Clinton Dreisbach","http://cdn.oreillystatic.com/en/assets/1/eventprovider/1/_@user_137149.jpg","http://github.com/cndreisbach","cndreisbach"
123516,"Emily Dunham",,"http://github.com/edunham",""
94695,"David Elfi","http://cdn.oreillystatic.com/en/assets/1/eventprovider/1/_@user_94695.jpg",,""
140062,"Jonathan Ellis",,"http://www.datastax.com/","spyced"
172370,"Michael Enescu","http://cdn.oreillystatic.com/en/assets/1/eventprovider/1/_@user_172370.jpg","http://blogs.cisco.com/openatcisco/","michaelenescu"
169992,"Catherine Farman","http://cdn.oreillystatic.com/en/assets/1/eventprovider/1/_@user_169992.jpg","http://cfarman.com/","cfarm"
6631,"Paul Fenwick","http://cdn.oreillystatic.com/en/assets/1/eventprovider/1/_@user_6631.jpg","http://perltraining.com.au/","pjf"
173433,"Mark Ferree","http://cdn.oreillystatic.com/en/assets/1/eventprovider/1/_@user_173433.jpg","http://chapterthree.com/","mrf"
1639,"Edward Finkler","http://cdn.oreillystatic.com/en/assets/1/eventprovider/1/_@user_1639.jpg","http://funkatron.com/",""
152242,"Keith Fiske","http://cdn.oreillystatic.com/en/assets/1/eventprovider/1/_@user_152242.jpg","http://www.keithf4.com/","keithf4"
181484,"Tyler Fitch","http://cdn.oreillystatic.com/en/assets/1/eventprovider/1/_@user_181484.jpg","http://www.getchef.com/",""
178139,"Beth Flanagan","http://cdn.oreillystatic.com/en/assets/1/eventprovider/1/_@user_178139.jpg","http://www.intel.com/","dirtycitybird"
46421,"Richard Fontana","http://cdn.oreillystatic.com/en/assets/1/eventprovider/1/_@user_46421.jpg","http://www.redhat.com/",""
2650,"Neal Ford","http://cdn.oreillystatic.com/en/assets/1/eventprovider/1/_@user_2650.jpg","http://www.nealford.com/","neal4d"
142995,"Steve Francia","http://cdn.oreillystatic.com/en/assets/1/eventprovider/1/_@user_142995.jpg","http://spf13.com/","spf13"
28902,"Roberto Galoppini","http://cdn.oreillystatic.com/en/assets/1/eventprovider/1/_@user_28902.jpg","http://robertogaloppini.net/",
6852,"Matthew Garrett","http://cdn.oreillystatic.com/en/assets/1/eventprovider/1/_@user_6852.jpg",,
177325,"Omri Gazitt","http://cdn.oreillystatic.com/en/assets/1/eventprovider/1/_@user_177325.jpg","http://www.hpcloud.com/",""
132564,"Trisha Gee","http://cdn.oreillystatic.com/en/assets/1/eventprovider/1/_@user_132564.jpg","http://mechanitis.blogspot.com/","trisha_gee"
172751,"Vidhya Gholkar",,,"vgholkar"
171201,"Adam Gibson","http://cdn.oreillystatic.com/en/assets/1/eventprovider/1/_@user_171201.jpg",,"agibsonccc"
150440,"Kelsey Gilmore-Innis","http://cdn.oreillystatic.com/en/assets/1/eventprovider/1/_@user_150440.jpg","http://nerd.kelseyinnis.com/","kelseyinnis"
152123,"Sebastien Goasguen","http://cdn.oreillystatic.com/en/assets/1/eventprovider/1/_@user_152123.jpg",,"sebgoa"
173336,"Sara Golemon",,"http://twitter.com/saramg","saramg"
173116,"Jesus M. Gonzalez-Barahona","http://cdn.oreillystatic.com/en/assets/1/eventprovider/1/_@user_173116.jpg","http://bitergia.com/","jgbarah"
156989,"Patricia Gorla","http://cdn.oreillystatic.com/en/assets/1/eventprovider/1/_@user_156989.jpg","http://thelastpickle.com/","patriciagorla"
180122,"Jessica Goulding","http://cdn.oreillystatic.com/en/assets/1/eventprovider/1/_@user_180122.jpg",,
173325,"Neel Goyal","http://cdn.oreillystatic.com/en/assets/1/eventprovider/1/_@user_173325.jpg",,""
132323,"Adam Granicz",,"http://intellifactory.com/","granicz"
181009,"James Grierson",,"http://www.bluehost.com/","jamesgrierson"
171381,"John Griffith","http://cdn.oreillystatic.com/en/assets/1/eventprovider/1/_@user_171381.jpg","http://www.solidfire.com/","solidfire"
170237,"Sarah Guido","http://cdn.oreillystatic.com/en/assets/1/eventprovider/1/_@user_170237.jpg","https://github.com/sarguido","sarah_guido"
2397,"Andy Gup","http://cdn.oreillystatic.com/en/assets/1/eventprovider/1/_@user_2397.jpg","http://blog.andygup.net/","agup"
143377,"Arun Gupta",,"http://blog.arungupta.me/","arungupta"
131884,"Florian Haas","http://cdn.oreillystatic.com/en/assets/1/eventprovider/1/_@user_131884.jpg","http://www.hastexo.com/who/florian",""
171418,"Steve Hannah","http://cdn.oreillystatic.com/en/assets/1/eventprovider/1/_@user_171418.jpg","http://sjhannah.com/","shannah78"
140339,"Harold Hannon",,"http://www.softlayer.com/",""
132865,"Scott Hanselman","http://cdn.oreillystatic.com/en/assets/1/eventprovider/1/_@user_132865.jpg","http://www.hanselman.com/","shanselman"
80689,"Jeff Harrell","http://cdn.oreillystatic.com/en/assets/1/eventprovider/1/_@user_80689.jpg","http://www.jeffreyharrell.com/",""
86090,"Jonah Harris",,"http://www.meetme.com/","oracleinternals"
152118,"Adam Harvey","http://cdn.oreillystatic.com/en/assets/1/eventprovider/1/_@user_152118.jpg","http://about.me/LawnGnome","LGnome"
8837,"Leslie Hawthorn","http://cdn.oreillystatic.com/en/assets/1/eventprovider/1/_@user_8837.jpg","http://hawthornlandings.org/","lhawthorn"
104522,"Steve Heffernan","http://cdn.oreillystatic.com/en/assets/1/eventprovider/1/_@user_104522.jpg","http://videojs.com/","heff"
108520,"Christopher Helm","http://cdn.oreillystatic.com/en/assets/1/eventprovider/1/_@user_108520.jpg","http://developer.geoiq.com/",""
171372,"Sam Helman","http://cdn.oreillystatic.com/en/assets/1/eventprovider/1/_@user_171372.jpg",,""
182521,"Raymond Henderson","http://cdn.oreillystatic.com/en/assets/1/eventprovider/1/_@user_182521.jpg","http://www.grassroots.org/",""
173093,"Ben Henick","http://cdn.oreillystatic.com/en/assets/1/eventprovider/1/_@user_173093.jpg","http://henick.net/","bhenick"
161475,"Cody Herriges",,"http://puppetlabs.com/","cody_herriges"
156534,"Jason Hibbets",,"http://opensource.com/","jhibbets"
171822,"Bridget Hillyer","http://cdn.oreillystatic.com/en/assets/1/eventprovider/1/_@user_171822.jpg","http://bridgetconsulting.com/","BridgetHillyer"
6653,"Mark Hinkle",,"http://www.socializedsoftware.com/","mrhinkle"
122917,"Rob Hirschfeld","http://cdn.oreillystatic.com/en/assets/1/eventprovider/1/_@user_122917.jpg","http://www.dell.com/cloud","zehicle"
62631,"Jeanne Holm",,"http://km.nasa.gov/home/index.html","jeanne_jpl"
173380,"Johnny Hughes","http://cdn.oreillystatic.com/en/assets/1/eventprovider/1/_@user_173380.jpg","http://www.centos.org/",""
77939,"Nathan Humbert","http://cdn.oreillystatic.com/en/assets/1/eventprovider/1/_@user_77939.jpg","http://nathanhumbert.com/",""
159719,"Michael Hunger","http://cdn.oreillystatic.com/en/assets/1/eventprovider/1/_@user_159719.jpg","http://www.neo4j.org/","mesirii"
164756,"Pete Hunt","http://cdn.oreillystatic.com/en/assets/1/eventprovider/1/_@user_164756.jpg","http://www.petehunt.net/","floydophone"
4265,"Kirsten Hunter","http://cdn.oreillystatic.com/en/assets/1/eventprovider/1/_@user_4265.jpg","http://www.princesspolymath.com/","synedra"
152299,"Vanessa Hurst","http://cdn.oreillystatic.com/en/assets/1/eventprovider/1/_@user_152299.jpg","http://vanessahurst.com/","DBNess"
173235,"Mihail Irintchev","http://cdn.oreillystatic.com/en/assets/1/eventprovider/1/_@user_173235.jpg","http://www.siteground.com/","irintchev"
122564,"Phil Jackson","http://cdn.oreillystatic.com/en/assets/1/eventprovider/1/_@user_122564.jpg","http://sldn.softlayer.com/",""
173189,"Daniel Jacobson","http://cdn.oreillystatic.com/en/assets/1/eventprovider/1/_@user_173189.jpg","http://www.netflix.com/","daniel_jacobson"
173435,"Paul Kehrer",,"http://rackspace.com/","reaperhulk"
120025,"Benjamin Kerensa","http://cdn.oreillystatic.com/en/assets/1/eventprovider/1/_@user_120025.jpg","http://benjaminkerensa.com/","bkerensa"
182019,"Saud Khan","http://cdn.oreillystatic.com/en/assets/1/eventprovider/1/_@user_182019.jpg","http://twitter.com/bidyut",""
157931,"Shashank Khandelwal","http://cdn.oreillystatic.com/en/assets/1/eventprovider/1/_@user_157931.jpg","http://cfpb.gov/","gazeti"
172929,"Kevin Kluge","http://cdn.oreillystatic.com/en/assets/1/eventprovider/1/_@user_172929.jpg","http://www.elasticsearch.org/","kevinkluge"
144736,"Francesca Krihely","http://cdn.oreillystatic.com/en/assets/1/eventprovider/1/_@user_144736.jpg","http://10gen.com/","francium"
125113,"Spencer Krum","http://cdn.oreillystatic.com/en/assets/1/eventprovider/1/_@user_125113.jpg",,""
170822,"Andreas Kunz","http://cdn.oreillystatic.com/en/assets/1/eventprovider/1/_@user_170822.jpg","http://sap.github.io/openui5/","aku_dev"
62981,"Lars Kurth","http://cdn.oreillystatic.com/en/assets/1/eventprovider/1/_@user_62981.jpg","http://www.xen.org/","lars_kurth"
177245,"Shadaj Laddad","http://cdn.oreillystatic.com/en/assets/1/eventprovider/1/_@user_177245.jpg","http://shadaj.me/",""
172658,"Michael Laing","http://cdn.oreillystatic.com/en/assets/1/eventprovider/1/_@user_172658.jpg","http://nytimes.com/",""
173308,"Alex Lakatos","http://cdn.oreillystatic.com/en/assets/1/eventprovider/1/_@user_173308.jpg","https://github.com/AlexLakatos","lakatos88"
137347,"James Lance",,"http://www.bluehost.com/",""
116050,"Yoav Landman","http://cdn.oreillystatic.com/en/assets/1/eventprovider/1/_@user_116050.jpg","http://www.jfrog.com/","yoavlandman"
172864,"Markus Lanthaler","http://cdn.oreillystatic.com/en/assets/1/eventprovider/1/_@user_172864.jpg","http://www.markus-lanthaler.com/","markuslanthaler"
182081,"Chris Launey","http://cdn.oreillystatic.com/en/assets/1/eventprovider/1/_@user_182081.jpg",,"clauney"
151665,"Mark Lavin",,,""
152106,"Ed Leafe",,"http://rackspace.com/","EdLeafe"
74565,"Jonathan LeBlanc","http://cdn.oreillystatic.com/en/assets/1/eventprovider/1/_@user_74565.jpg","http://www.jcleblanc.com/","jcleblanc"
157509,"Robert Lefkowitz",,"http://sharewave.com/","sharewaveteam"
124700,"Janice Levenhagen-Seeley","http://cdn.oreillystatic.com/en/assets/1/eventprovider/1/_@user_124700.jpg","http://www.chicktech.org/",""
161517,"Pernilla Lind","http://cdn.oreillystatic.com/en/assets/1/eventprovider/1/_@user_161517.jpg","http://www.neo4j.org/","p3rnilla"
77469,"Philip Lindsay","http://cdn.oreillystatic.com/en/assets/1/eventprovider/1/_@user_77469.jpg","http://rancidbacon.com/","RancidBacon"
173403,"Steve Lipner",,"http://www.microsoft.com/security/sdl/","msftsecurity"
171564,"Joshua Long",,"http://spring.io/","starbuxman"
152294,"Jean-Charles  Lopez","http://cdn.oreillystatic.com/en/assets/1/eventprovider/1/_@user_152294.jpg","http://www.redhat.com/",""
141574,"Tim Mackey",,"http://www.citrix.com/","XenServerArmy"
109140,"Anil Madhavapeddy","http://cdn.oreillystatic.com/en/assets/1/eventprovider/1/_@user_109140.jpg","http://anil.recoil.org/","avsm"
31044,"Rachael Madsen",,,""
173303,"Rachel Magario",,"http://www.rachelmagario.com/contact/","rachelmagario"
173324,"Allison Mankin","http://cdn.oreillystatic.com/en/assets/1/eventprovider/1/_@user_173324.jpg",,""
118998,"Jonathon Manning","http://cdn.oreillystatic.com/en/assets/1/eventprovider/1/_@user_118998.jpg","http://tothesecretlab.com/","desplesda"
6931,"Joshua Marinacci","http://cdn.oreillystatic.com/en/assets/1/eventprovider/1/_@user_6931.jpg","http://www.joshondesign.com/","joshmarinacci"
173388,"Elaine Marino","http://cdn.oreillystatic.com/en/assets/1/eventprovider/1/_@user_173388.jpg","http://ladycodersboulder.com/homepage/about","elaine_marino"
164144,"Will Marshall","http://cdn.oreillystatic.com/en/assets/1/eventprovider/1/_@user_164144.jpg","http://www.planet.com/","wsm1"
5199,"Alex Martelli","http://cdn.oreillystatic.com/en/assets/1/eventprovider/1/_@user_5199.jpg","http://www.aleax.it/",""
173465,"Ritchie Martori","http://cdn.oreillystatic.com/en/assets/1/eventprovider/1/_@user_173465.jpg",,""
17378,"Matt May",,"http://adobe.com/accessibility/",
142336,"Steve Mayzak","http://cdn.oreillystatic.com/en/assets/1/eventprovider/1/_@user_142336.jpg","http://elasticsearch.com/",""
182080,"Caroline McCrory","http://cdn.oreillystatic.com/en/assets/1/eventprovider/1/_@user_182080.jpg","http://research.gigaom.com/","CloudOfCaroline"
74852,"Matthew McCullough","http://cdn.oreillystatic.com/en/assets/1/eventprovider/1/_@user_74852.jpg","http://www.github.com/training","matthewmccull"
172994,"Chris McEniry","http://cdn.oreillystatic.com/en/assets/1/eventprovider/1/_@user_172994.jpg","http://corgalabs.com/","macmceniry"
152376,"Patrick McFadin","http://cdn.oreillystatic.com/en/assets/1/eventprovider/1/_@user_152376.jpg",,
172824,"Mark McLoughlin",,"http://blogs.gnome.org/markmc","markmc_"
171621,"Harrison Mebane","http://cdn.oreillystatic.com/en/assets/1/eventprovider/1/_@user_171621.jpg","http://www.svds.com/","harrisonmebane"
153566,"Gian Merlino","http://cdn.oreillystatic.com/en/assets/1/eventprovider/1/_@user_153566.jpg",,
104652,"Justin Miller","http://cdn.oreillystatic.com/en/assets/1/eventprovider/1/_@user_104652.jpg","http://mapbox.com/","incanus77"
175488,"Katie Miller","http://cdn.oreillystatic.com/en/assets/1/eventprovider/1/_@user_175488.jpg","http://www.codemiller.com/","codemiller"
171147,"Michael Minella","http://cdn.oreillystatic.com/en/assets/1/eventprovider/1/_@user_171147.jpg","http://spring.io/team/mminella","michaelminella"
4378,"Wade Minter","http://cdn.oreillystatic.com/en/assets/1/eventprovider/1/_@user_4378.jpg","http://teamsnap.com/","minter"
181598,"Manav Mishra",,"http://www.hp.com/",""
45968,"Lorna Jane Mitchell","http://cdn.oreillystatic.com/en/assets/1/eventprovider/1/_@user_45968.jpg","http://www.lornajane.net/",
173399,"Eric Mittelette",,"http://msopentech.com/","ericmitt"
60201,"Masood Mortazavi","http://cdn.oreillystatic.com/en/assets/1/eventprovider/1/_@user_60201.jpg","http://blogs.sun.com/MortazaviBlog","mortazavi"
159772,"Richard Mortier","http://cdn.oreillystatic.com/en/assets/1/eventprovider/1/_@user_159772.jpg",,"mort___"
33987,"Diane Mueller",,"http://www.openshift.com/",
147840,"Scott Murray","http://cdn.oreillystatic.com/en/assets/1/eventprovider/1/_@user_147840.jpg","http://alignedleft.com/","alignedleft"
120866,"Henri Muurimaa",,"http://www.vaadin.com/henri","henrimuurimaa"
173146,"Chad Naber",,,""
143674,"Rachel Nabors","http://cdn.oreillystatic.com/en/assets/1/eventprovider/1/_@user_143674.jpg","http://rachelnabors.com/","RachelNabors"
141881,"David Nalley",,"http://cloudstack.org/","ke4qqq"
146540,"Paco Nathan","http://cdn.oreillystatic.com/en/assets/1/eventprovider/1/_@user_146540.jpg","http://liber118.com/pxn/","pacoid"
109297,"Wynn Netherland","http://cdn.oreillystatic.com/en/assets/1/eventprovider/1/_@user_109297.jpg","http://wynnnetherland.com/","pengwynn"
109468,"Christopher Neugebauer","http://cdn.oreillystatic.com/en/assets/1/eventprovider/1/_@user_109468.jpg","http://chris.neugebauer.id.au/","chrisjrn"
130731,"Deb Nicholson","http://cdn.oreillystatic.com/en/assets/1/eventprovider/1/_@user_130731.jpg","http://eximiousproductions.com/",""
171598,"Niklas Nielsen","http://cdn.oreillystatic.com/en/assets/1/eventprovider/1/_@user_171598.jpg","http://mesosphere.io/","quarfot"
140811,"Kelley Nielsen","http://cdn.oreillystatic.com/en/assets/1/eventprovider/1/_@user_140811.jpg","http://salticidoftheearth.com/",
173035,"Gustavo Niemeyer",,"http://labix.org/",""
173503,"Jesse Noller","http://cdn.oreillystatic.com/en/assets/1/eventprovider/1/_@user_173503.jpg","http://developer.rackspace.com/","jessenoller"
76338,"Sarah Novotny","http://cdn.oreillystatic.com/en/assets/1/eventprovider/1/_@user_76338.jpg","http://nginx.com/","sarahnovotny"
173452,"Tim Nugent",,,"The_McJones"
251,"Tim O&#39;Reilly","http://cdn.oreillystatic.com/en/assets/1/eventprovider/1/_@user_251.jpg","http://www.oreilly.com/","timoreilly"
172986,"Anne Ogborn","http://cdn.oreillystatic.com/en/assets/1/eventprovider/1/_@user_172986.jpg","http://www.robokindrobots.com/",""
133624,"Stephen OSullivan","http://cdn.oreillystatic.com/en/assets/1/eventprovider/1/_@user_133624.jpg","http://svds.com/","steveos"
147649,"Tim Palko",,,""
26426,"Rajeev Pandey",,"http://www.hp.com/",
113667,"Manish Pandit","http://cdn.oreillystatic.com/en/assets/1/eventprovider/1/_@user_113667.jpg","http://mpandit.me/","lobster1234"
173223,"James Pannacciulli","http://cdn.oreillystatic.com/en/assets/1/eventprovider/1/_@user_173223.jpg","http://jpnc.info/","_jpnc"
172630,"Soohong Park",,"http://www.samsung.com/",""
180019,"Sanjay Patil",,,""
171197,"Josh Patterson","http://cdn.oreillystatic.com/en/assets/1/eventprovider/1/_@user_171197.jpg",,"jpatanooga"
118233,"James Pearce","http://cdn.oreillystatic.com/en/assets/1/eventprovider/1/_@user_118233.jpg","http://facebook.com/","jamespearce"
64512,"Shawn Pearce",,"http://www.google.com/",""
173004,"Harry Percival","http://cdn.oreillystatic.com/en/assets/1/eventprovider/1/_@user_173004.jpg","http://www.obeythetestinggoat.com/","hjwp"
173381,"Jim Perrin","http://cdn.oreillystatic.com/en/assets/1/eventprovider/1/_@user_173381.jpg",,"BitIntegrity"
151611,"Jerome Petazzoni","http://cdn.oreillystatic.com/en/assets/1/eventprovider/1/_@user_151611.jpg","http://www.docker.com/","jpetazzo"
30412,"Brandon Philips","http://cdn.oreillystatic.com/en/assets/1/eventprovider/1/_@user_30412.jpg","http://ifup.org/","philips"
29591,"Simon  Phipps","http://cdn.oreillystatic.com/en/assets/1/eventprovider/1/_@user_29591.jpg","http://webmink.com/","webmink"
141661,"Andy Piper","http://cdn.oreillystatic.com/en/assets/1/eventprovider/1/_@user_141661.jpg","http://andypiper.co.uk/","andypiper"
170158,"Curtis Poe","http://cdn.oreillystatic.com/en/assets/1/eventprovider/1/_@user_170158.jpg","http://www.allaroundtheworld.fr/","OvidPerl"
171078,"Jess Portnoy","http://cdn.oreillystatic.com/en/assets/1/eventprovider/1/_@user_171078.jpg","http://www.kaltura.com/","jess_port01"
142320,"Steven Pousty","http://cdn.oreillystatic.com/en/assets/1/eventprovider/1/_@user_142320.jpg",,"TheSteve0"
173111,"Mark Powell",,,"drmarkpowell"
155107,"Austin Putman","http://cdn.oreillystatic.com/en/assets/1/eventprovider/1/_@user_155107.jpg","http://omadahealth.com/","austinfrmboston"
173467,"Steven Quella",,,""
151833,"Dave Quigley","http://cdn.oreillystatic.com/en/assets/1/eventprovider/1/_@user_151833.jpg",,
161577,"Carl Quinn","http://cdn.oreillystatic.com/en/assets/1/eventprovider/1/_@user_161577.jpg","http://www.riotgames.com/",
182741,"Kate Rafter","http://cdn.oreillystatic.com/en/assets/1/eventprovider/1/_@user_182741.jpg","https://www.facebook.com/Automal",""
173432,"Jarret Raim",,"http://www.rackspace.com/","jarretraim"
150170,"Luciano Ramalho","http://cdn.oreillystatic.com/en/assets/1/eventprovider/1/_@user_150170.jpg","http://python.pro.br/","ramalhoorg"
3471,"Anna Martelli Ravenscroft","http://cdn.oreillystatic.com/en/assets/1/eventprovider/1/_@user_3471.jpg","http://www.google.com/profiles/annaraven","annaraven"
141169,"Matt Ray","http://cdn.oreillystatic.com/en/assets/1/eventprovider/1/_@user_141169.jpg","http://leastresistance.net/","mattray"
77350,"Rob Reilly","http://cdn.oreillystatic.com/en/assets/1/eventprovider/1/_@user_77350.jpg","http://home.earthlink.net/~robreilly",""
160033,"Ryan Richards",,,
11886,"Chris Richardson","http://cdn.oreillystatic.com/en/assets/1/eventprovider/1/_@user_11886.jpg","http://plainoldobjects.com/",""
182043,"Bruce Richardson",,,""
1402,"Bryce  Roberts","http://cdn.oreillystatic.com/en/assets/1/eventprovider/1/_@user_1402.jpg","http://www.oatv.com/","bryce"
173173,"Gail Roper",,"http://raleighnc.gov/","gailmroper"
173247,"Erik Rose","http://cdn.oreillystatic.com/en/assets/1/eventprovider/1/_@user_173247.jpg","http://www.grinchcentral.com/","ErikRose"
124630,"William A Rowe Jr",,,"wrowe"
152026,"Byron Ruth","http://cdn.oreillystatic.com/en/assets/1/eventprovider/1/_@user_152026.jpg","http://devel.io/","thedevel"
172610,"Justin Ryan","http://cdn.oreillystatic.com/en/assets/1/eventprovider/1/_@user_172610.jpg","http://netflix.com/","quidryan"
114822,"Baruch Sadogursky","http://cdn.oreillystatic.com/en/assets/1/eventprovider/1/_@user_114822.jpg","http://jfrog.com/","jbaruch"
173464,"Nathan Samano","http://cdn.oreillystatic.com/en/assets/1/eventprovider/1/_@user_173464.jpg",,""
169557,"Peter Sand","http://cdn.oreillystatic.com/en/assets/1/eventprovider/1/_@user_169557.jpg","https://www.modularscience.com/",""
173364,"Karen Sandler","http://cdn.oreillystatic.com/en/assets/1/eventprovider/1/_@user_173364.jpg","http://sfconservancy.org/","o0karen0o"
2699,"Ed Schipul","http://cdn.oreillystatic.com/en/assets/1/eventprovider/1/_@user_2699.jpg","http://eschipul.com/","eschipul"
108125,"Nathaniel Schutta","http://cdn.oreillystatic.com/en/assets/1/eventprovider/1/_@user_108125.jpg","http://ntschutta.com/","ntschutta"
181502,"Daniel Juyung Seo","http://cdn.oreillystatic.com/en/assets/1/eventprovider/1/_@user_181502.jpg","http://seoz.com/","seojuyung"
172569,"Andrew Clay Shafer",,"http://stochasticresonance.wordpress.com/","littleidea"
173314,"Brent Shaffer","http://cdn.oreillystatic.com/en/assets/1/eventprovider/1/_@user_173314.jpg","http://brentertainment.com/","bshaffer"
126882,"Gwen Shapira","http://cdn.oreillystatic.com/en/assets/1/eventprovider/1/_@user_126882.jpg","http://www.pythian.com/news/author/shapira/","gwenshap"
151691,"Roman Shaposhnik","http://cdn.oreillystatic.com/en/assets/1/eventprovider/1/_@user_151691.jpg","http://bigtop.apache.org/",""
141561,"Michael Shiloh","http://cdn.oreillystatic.com/en/assets/1/eventprovider/1/_@user_141561.jpg","http://michaelshiloh.wordpress.com/","michaelshiloh"
169647,"Egle Sigler","http://cdn.oreillystatic.com/en/assets/1/eventprovider/1/_@user_169647.jpg","http://anystacker.com/","eglute"
3189,"Ricardo Signes","http://cdn.oreillystatic.com/en/assets/1/eventprovider/1/_@user_3189.jpg","http://rjbs.manxome.org/","rjbs"
180050,"Alan Sill","http://cdn.oreillystatic.com/en/assets/1/eventprovider/1/_@user_180050.jpg","http://www.depts.ttu.edu/cac/","ogfstandards"
74368,"Kyle Simpson","http://cdn.oreillystatic.com/en/assets/1/eventprovider/1/_@user_74368.jpg","http://getify.me/","getify"
156591,"Samantha Simpson","http://cdn.oreillystatic.com/en/assets/1/eventprovider/1/_@user_156591.jpg",,"SamHSimpson"
165643,"Thomas Smith","http://cdn.oreillystatic.com/en/assets/1/eventprovider/1/_@user_165643.jpg","http://www.projectgado.org/","projectgado"
131729,"Garrett Smith","http://cdn.oreillystatic.com/en/assets/1/eventprovider/1/_@user_131729.jpg",,"gar1t"
109116,"Chris Smith","http://cdn.oreillystatic.com/en/assets/1/eventprovider/1/_@user_109116.jpg","http://portlandtransport.com/","chrissmithus"
77757,"Bryan  Smith","http://cdn.oreillystatic.com/en/assets/1/eventprovider/1/_@user_77757.jpg","http://fossetcon.org/","fossetcon"
81759,"Carol Smith","http://cdn.oreillystatic.com/en/assets/1/eventprovider/1/_@user_81759.jpg","http://www.fossygirl.com/","fossygrl"
2732,"Nathan Sobo","http://cdn.oreillystatic.com/en/assets/1/eventprovider/1/_@user_2732.jpg",,"nathansobo"
44753,"Juhan Sonin","http://cdn.oreillystatic.com/en/assets/1/eventprovider/1/_@user_44753.jpg","http://www.mit.edu/~juhan",""
178738,"Andrew Sorensen","http://cdn.oreillystatic.com/en/assets/1/eventprovider/1/_@user_178738.jpg","http://extempore.moso.com.au/","digego"
175353,"Derek Sorkin",,,""
151991,"Francisco Souza","http://cdn.oreillystatic.com/en/assets/1/eventprovider/1/_@user_151991.jpg","http://f.souza.cc/","franciscosouza"
142767,"Kara Sowles","http://cdn.oreillystatic.com/en/assets/1/eventprovider/1/_@user_142767.jpg",,"FeyNudibranch"
172240,"Kaushik Srenevasan","http://cdn.oreillystatic.com/en/assets/1/eventprovider/1/_@user_172240.jpg",,""
131499,"Raghavan Srinivas",,"http://www.couchbase.org/",""
3476,"Simon St. Laurent","http://cdn.oreillystatic.com/en/assets/1/eventprovider/1/_@user_3476.jpg","http://simonstl.com/","simonstl"
170134,"Mark Stanislav","http://cdn.oreillystatic.com/en/assets/1/eventprovider/1/_@user_170134.jpg","https://www.duosecurity.com/","markstanislav"
172899,"Nicolas Steenhout","http://cdn.oreillystatic.com/en/assets/1/eventprovider/1/_@user_172899.jpg","http://accessibility.net.nz/","vavroom"
138530,"Boyd Stephens","http://cdn.oreillystatic.com/en/assets/1/eventprovider/1/_@user_138530.jpg","http://www.netelysis.com/",""
172656,"Simon Stewart",,"http://www.facebook.com/","shs96c"
173088,"Matt Stine","http://cdn.oreillystatic.com/en/assets/1/eventprovider/1/_@user_173088.jpg","http://www.mattstine.com/","mstine"
122293,"Deirdré Straughan","http://cdn.oreillystatic.com/en/assets/1/eventprovider/1/_@user_122293.jpg","http://www.beginningwithi.com/","deirdres"
135908,"Jason Strimpel","http://cdn.oreillystatic.com/en/assets/1/eventprovider/1/_@user_135908.jpg",,""
108840,"Ruth Suehle","http://cdn.oreillystatic.com/en/assets/1/eventprovider/1/_@user_108840.jpg","http://www.opensource.com/","suehle"
173421,"Marc Sugiyama","http://cdn.oreillystatic.com/en/assets/1/eventprovider/1/_@user_173421.jpg","https://www.erlang-solutions.com/",""
164229,"Nick Sullivan",,"http://blog.cloudflare.com/author/nick-sullivan","grittygrease"
175040,"Zach Supalla","http://cdn.oreillystatic.com/en/assets/1/eventprovider/1/_@user_175040.jpg","http://www.spark.io/","zsupalla"
171226,"Jason Swartz","http://cdn.oreillystatic.com/en/assets/1/eventprovider/1/_@user_171226.jpg","http://www.bks2.com/","swartzrock"
173262,"Paul Tarjan",,"http://paultarjan.com/","ptarjan"
41059,"James Tauber",,"http://jtauber.com/","jtauber"
145,"Monty Taylor","http://cdn.oreillystatic.com/en/assets/1/eventprovider/1/_@user_145.jpg","http://mysql-ha.com/",""
173285,"Christian Ternus","http://cdn.oreillystatic.com/en/assets/1/eventprovider/1/_@user_173285.jpg","http://cternus.net/","ternus"
173472,"Jeffrey Thalhammer","http://cdn.oreillystatic.com/en/assets/1/eventprovider/1/_@user_173472.jpg","https://stratopan.com/","thaljef"
150,"Laura Thomson","http://cdn.oreillystatic.com/en/assets/1/eventprovider/1/_@user_150.jpg",,
173378,"Sebastian Tiedtke",,"https://saucelabs.com/","sourishkrout"
53442,"Jim Tommaney","http://cdn.oreillystatic.com/en/assets/1/eventprovider/1/_@user_53442.jpg","http://infinidb.co/","InfiniDB"
172661,"Sudhir Tonse",,"http://sudhirtonse.com/","stonse"
173326,"Willem Toorop","http://cdn.oreillystatic.com/en/assets/1/eventprovider/1/_@user_173326.jpg",,""
181972,"Joan Touzet",,"https://cloudant.com/","wohali"
172990,"Brian Troutwine",,"http://adroll.com/","bltroutwine"
172607,"Eric Tschetter","http://cdn.oreillystatic.com/en/assets/1/eventprovider/1/_@user_172607.jpg","http://www.druid.io/","zedruid"
5060,"James Turnbull","http://cdn.oreillystatic.com/en/assets/1/eventprovider/1/_@user_5060.jpg","http://www.kartar.net/","kartar"
169870,"James Turner","http://cdn.oreillystatic.com/en/assets/1/eventprovider/1/_@user_169870.jpg","http://www.oreilly.com/","blackbearnh"
173406,"Andrew  Turner",,,"ajturner"
175354,"Tim Tyler",,,""
86111,"David Uhlman",,"http://www.clear-health.com/",""
173056,"Manish Vachharajani","http://cdn.oreillystatic.com/en/assets/1/eventprovider/1/_@user_173056.jpg","http://linerate.f5.com/","mvachhar"
76735,"José Valim","http://cdn.oreillystatic.com/en/assets/1/eventprovider/1/_@user_76735.jpg",,"josevalim"
99817,"William  Van Hevelingen","http://cdn.oreillystatic.com/en/assets/1/eventprovider/1/_@user_99817.jpg",,"pdx_blkperl"
65329,"Heather VanCura","http://cdn.oreillystatic.com/en/assets/1/eventprovider/1/_@user_65329.jpg","http://jcp.org/",""
112672,"Alvaro Videla","http://cdn.oreillystatic.com/en/assets/1/eventprovider/1/_@user_112672.jpg","http://rabbitmq.com/","old_sound"
182587,"Ryan Vinyard","http://cdn.oreillystatic.com/en/assets/1/eventprovider/1/_@user_182587.jpg","http://highway1.io/",""
174073,"Robert Virding","http://cdn.oreillystatic.com/en/assets/1/eventprovider/1/_@user_174073.jpg","https://www.erlang-solutions.com/","rvirding"
46737,"Karsten Wade","http://cdn.oreillystatic.com/en/assets/1/eventprovider/1/_@user_46737.jpg","http://quaid.fedorapeople.org/",
39928,"Ken Walker","http://cdn.oreillystatic.com/en/assets/1/eventprovider/1/_@user_39928.jpg","https://kenwalker.github.io/",
1158,"James Ward","http://cdn.oreillystatic.com/en/assets/1/eventprovider/1/_@user_1158.jpg","http://www.jamesward.com/","_JamesWard"
6219,"Simon Wardley","http://cdn.oreillystatic.com/en/assets/1/eventprovider/1/_@user_6219.jpg","http://www.lef.csc.com/","swardley"
173025,"Corinne Warnshuis","http://cdn.oreillystatic.com/en/assets/1/eventprovider/1/_@user_173025.jpg","http://girldevelopit.com/","corinnepw"
171565,"Phil Webb","http://cdn.oreillystatic.com/en/assets/1/eventprovider/1/_@user_171565.jpg","http://spring.io/","phillip_webb"
4146,"Emma Jane Westby","http://cdn.oreillystatic.com/en/assets/1/eventprovider/1/_@user_4146.jpg",,"emmajanehw"
141524,"Langdon White","http://cdn.oreillystatic.com/en/assets/1/eventprovider/1/_@user_141524.jpg","http://red.ht/rheldevelop","langdonwhite"
142111,"Sarah White","http://cdn.oreillystatic.com/en/assets/1/eventprovider/1/_@user_142111.jpg","http://graphitefriction.com/","carbonfray"
54107,"Dustin Whittle","http://cdn.oreillystatic.com/en/assets/1/eventprovider/1/_@user_54107.jpg","http://dustinwhittle.com/","dustinwhittle"
172895,"Glen Wiley",,"http://verisigninc.com/","glenswiley"
6574,"Eric Wilhelm","http://cdn.oreillystatic.com/en/assets/1/eventprovider/1/_@user_6574.jpg","http://scratchcomputing.com/",""
182808,"Kjerstin Williams","http://cdn.oreillystatic.com/en/assets/1/eventprovider/1/_@user_182808.jpg","http://appliedminds.com/","kjkjerstin"
122424,"John Willis",,"http://www.statelessnetworks.com/",
150073,"Mike Wolfson","http://cdn.oreillystatic.com/en/assets/1/eventprovider/1/_@user_150073.jpg","http://www.mikewolfson.com/","mikewolfson"
175481,"Jeff Wolski","http://cdn.oreillystatic.com/en/assets/1/eventprovider/1/_@user_175481.jpg","http://www.uber.com/",""
153565,"Fangjin Yang","http://cdn.oreillystatic.com/en/assets/1/eventprovider/1/_@user_153565.jpg","http://www.metamarkets.com/",
173466,"Alex Yong","http://cdn.oreillystatic.com/en/assets/1/eventprovider/1/_@user_173466.jpg",,""
171450,"Danny Yuan","http://cdn.oreillystatic.com/en/assets/1/eventprovider/1/_@user_171450.jpg",,"g9yuayon"
169932,"Tobias Zander","http://cdn.oreillystatic.com/en/assets/1/eventprovider/1/_@user_169932.jpg","http://www.tobiaszander.de/","airbone42"
173468,"Danilo Zekovic","http://cdn.oreillystatic.com/en/assets/1/eventprovider/1/_@user_173468.jpg",,""
141590,"Carina C. Zona","http://cdn.oreillystatic.com/en/assets/1/eventprovider/1/_@user_141590.jpg","http://zerovm.com/","cczona"
